{
  "packages": [
    {
      "name": "fourboards",
      "maintainer": "Four Boards",
      "websiteURL": "http://fourboards.co.uk",
      "email": "shop@fourboards.co.uk",
      "help": {
        "online": "http://fourboards.co.uk/touchpad-support"
      },
      "platforms": [
        {
          "name": "Four Boards",
          "architecture": "avr",
          "version": "1.0.0",
          "category": "Contributed",
          "help": {
            "online": "http://fourboards.co.uk/touchpad-support"
          },
          "url": "https://raw.githubusercontent.com/fourboards/TouchPad/master/Arduino_IDE_Boards_Manager/fourboards-1.0.0.zip",
          "archiveFileName": "fourboards-1.0.0.zip",
          "checksum": "SHA-256:56eea38036433cad16df8c9295602a17c369702bb5fd6476f533e546ea483af8",
          "size": "7824",
          "boards": [
            {"name": "TouchPad"}
          ],
          "toolsDependencies": [
            {
              "packager": "arduino",
              "name": "avr-gcc",
              "version": "4.8.1-arduino5"
            },
            {
              "packager": "arduino",
              "name": "avrdude",
              "version": "6.0.1-arduino5"
            }
          ]
        }
      ],
      "tools":[]
    }
  ]
}
